﻿Designator,Footprint,Quantity,Value,LCSC Part #
C1,CP_Radial_D8.0mm_P3.50mm,1,100uF 35V,
C10,CP_Radial_D10.0mm_P5.00mm,1,22uF,
"C11, C15",CP_Radial_D10.0mm_P5.00mm,2,4.7uF,
"C12, C13, C16, C17, C8",1206,5,0.1uF,C559293
"C14, C18",CP_Radial_D10.0mm_P5.00mm,2,10uF,
C2,1206,1,10uF 35V,C13585
"C3, C6",0805,2,0.1uF,C49678
C4,0805,1,1.8pF COG,C1789
C5,0805,1,180pF COG,C501859
C7,0805,1,3.3pF COG,C1811
C9,1812,1,1uF,C3037685
D1,D_SMB,1,MBRS360BT3G,C59027
D2,D_PowerDI-123,1,DFLS1200-7,C324985
D3,LED_D3.0mm,1,GREEN LED,
J1,"TerminalBlock_Phoenix_PT-1,5-2-3.5-H_1x02_P3.50mm_Horizontal",1,INPUT DC,
J2,"TerminalBlock_Phoenix_PT-1,5-7-3.5-H_1x07_P3.50mm_Horizontal",1,DC HV OUT,
L1,IND_MSS7341-153MLD,1,100uH,C3911711
"L2, L3",IND_MSS7341-153MLD,2,15uH,C3911451
Q1,Vishay_PowerPAK_1212-8_Single,1,SI7119,C143691
R1,0805,1,845K,C17844
"R10, R11",1206,2,10,C125926
"R12, R13, R15, R16",0805,4,4K7,C17673
"R14, R17",0805,2,100k,C149504
R18,0805,1,1K,C17513
R19,0805,1,0R,C17477
R2,0805,1,52K3,C17740
R3,1206,1,0R039 1W,C912765
R4,0805,1,1M,C706228
R5,0805,1,75K,C136919
R6,0805,1,9K1,C865718
R7,1206,1,100K,C144522
"R8, R9",0805,2,1M,C17514
"RV1, RV2",Potentiometer_Bourns_3339P_Vertical_HandSoldering,2,100K,
U1,MSOP-12-1EP_3x4.039mm_P0.65mm_EP1.651x2.845mm_ThermalVias_ok,1,LTC3863,C686524
