﻿Designator,Footprint,Quantity,Value,LCSC Part #
"C1, C2",0805,2,1nF COG,C1791
"C10, C8",CP_Radial_D10.0mm_P5.00mm,2,47uF 350V,
"C11, C3",1206,2,10uF 35V,C13585
C12,CP_Radial_D10.0mm_P5.00mm,1,10uF 250V,
"C13, C5",0805,2,1uF,C28323
C13',CP_Radial_D5.0mm_P2.50mm,1,CP_Radial_D5.0mm_P2.50mm,
"C4, C6, C9",0805,3,0.1uF,C49678
C7,CP_Radial_D10.0mm_P5.00mm,1,470uF 35V,
D1,D_DO-201_P15.24mm_Horizontal,1,UF5408,
D2,D_DO-41_SOD81_P10.16mm_Horizontal,1,UF4007,
D3,LED_D3.0mm,1,GREEN LED,
D4,D_SOD-323,1,1N4148WS,C60580
F1,Fuse_Littelfuse_372_D8.50mm,1,3A,
J1,"TerminalBlock_Phoenix_PT-1,5-2-5.0-H_1x02_P5.00mm_Horizontal_faston",1,INPUT DC,
J2,"TerminalBlock_Phoenix_PT-1,5-3-5.0-H_1x03_P5.00mm_Horizontal_faston_v2",1,OUTPUT HV,
Q1,TO-220-3_Vertical,1,IRF1010EZ,
Q2,SOT-23,1,MMBT3906,C232578
Q3,SOT-23,1,MMBT3904,C150052
"R1, R2",0805,2,10R,C2989121
"R10, R28",0805,2,10K,C17414
"R11, R12, R15, R17",0805,4,0R,C17477
R13,1206,1,3K,C18012
"R14, R16, R18",0805,3,NC,
"R19, R20",1206,2,1M,C17927
"R21, R22, R23",1206,3,160K,C229336
R24,0805,1,100K,C149504
R25,0805,1,1K,C17513
"R26, R27",1206,2,100K,C17900
R3,0805,1,16K,C17490
R4,0805,1,10M,C26108
R5,2512,1,0R040 3W,C459685
"R6, R7, R8",1206,3,200K,C17954
R9,0805,1,300K,C17616
RV1,Potentiometer_Bourns_3296W_Vertical,1,10K,
T1,Wurth 5240,1,Wurth 750845240,
U1,SOIC-8_3.9x4.9mm_P1.27mm,1,UC3845A,C111745
U2,SOT-89-3_Handsoldering,1,UA78L12ACPK,C205946
U3,SOIC-8_3.9x4.9mm_P1.27mm,1,OPA810,C1852077
